{
  "dataset_revision": null,
  "mteb_dataset_name": "ArguAna",
  "mteb_version": "1.0.2",
  "test": {
    "evaluation_time": 10709.28,
    "map_at_1": 0.16145,
    "map_at_10": 0.28938,
    "map_at_100": 0.30486,
    "map_at_1000": 0.30512,
    "map_at_3": 0.23815,
    "map_at_5": 0.26382,
    "mrr_at_1": 0.16287,
    "mrr_at_10": 0.28989,
    "mrr_at_100": 0.30537,
    "mrr_at_1000": 0.30562,
    "mrr_at_3": 0.23826,
    "mrr_at_5": 0.26433,
    "ndcg_at_1": 0.16145,
    "ndcg_at_10": 0.37405,
    "ndcg_at_100": 0.44096,
    "ndcg_at_1000": 0.44733,
    "ndcg_at_3": 0.26489,
    "ndcg_at_5": 0.31147,
    "precision_at_1": 0.16145,
    "precision_at_10": 0.06515,
    "precision_at_100": 0.00946,
    "precision_at_1000": 0.001,
    "precision_at_3": 0.11427,
    "precision_at_5": 0.09132,
    "recall_at_1": 0.16145,
    "recall_at_10": 0.65149,
    "recall_at_100": 0.94595,
    "recall_at_1000": 0.99502,
    "recall_at_3": 0.34282,
    "recall_at_5": 0.45661
  }
}