{
  "dataset_revision": null,
  "mteb_dataset_name": "ArguAna",
  "mteb_version": "1.0.1",
  "test": {
    "evaluation_time": 1099.35,
    "map_at_1": 0.10669,
    "map_at_10": 0.22237,
    "map_at_100": 0.23785,
    "map_at_1000": 0.23823,
    "map_at_3": 0.17342,
    "map_at_5": 0.19842,
    "mrr_at_1": 0.1074,
    "mrr_at_10": 0.22277,
    "mrr_at_100": 0.23831,
    "mrr_at_1000": 0.23869,
    "mrr_at_3": 0.17402,
    "mrr_at_5": 0.19866,
    "ndcg_at_1": 0.10669,
    "ndcg_at_10": 0.29922,
    "ndcg_at_100": 0.37089,
    "ndcg_at_1000": 0.38178,
    "ndcg_at_3": 0.1957,
    "ndcg_at_5": 0.24123,
    "precision_at_1": 0.10669,
    "precision_at_10": 0.05512,
    "precision_at_100": 0.00878,
    "precision_at_1000": 0.00097,
    "precision_at_3": 0.08677,
    "precision_at_5": 0.0744,
    "recall_at_1": 0.10669,
    "recall_at_10": 0.55121,
    "recall_at_100": 0.87767,
    "recall_at_1000": 0.96515,
    "recall_at_3": 0.26031,
    "recall_at_5": 0.37198
  }
}