{
  "dataset_revision": null,
  "mteb_dataset_name": "CQADupstackWebmastersRetrieval",
  "mteb_version": "1.0.1",
  "test": {
    "evaluation_time": 1565.16,
    "map_at_1": 0.02926,
    "map_at_10": 0.04326,
    "map_at_100": 0.0474,
    "map_at_1000": 0.04865,
    "map_at_3": 0.03544,
    "map_at_5": 0.04066,
    "mrr_at_1": 0.03953,
    "mrr_at_10": 0.05811,
    "mrr_at_100": 0.06305,
    "mrr_at_1000": 0.06412,
    "mrr_at_3": 0.04908,
    "mrr_at_5": 0.05451,
    "ndcg_at_1": 0.03953,
    "ndcg_at_10": 0.05781,
    "ndcg_at_100": 0.08062,
    "ndcg_at_1000": 0.11664,
    "ndcg_at_3": 0.04302,
    "ndcg_at_5": 0.05175,
    "precision_at_1": 0.03953,
    "precision_at_10": 0.01245,
    "precision_at_100": 0.00354,
    "precision_at_1000": 0.00104,
    "precision_at_3": 0.02108,
    "precision_at_5": 0.01858,
    "recall_at_1": 0.02926,
    "recall_at_10": 0.08778,
    "recall_at_100": 0.19427,
    "recall_at_1000": 0.46043,
    "recall_at_3": 0.04558,
    "recall_at_5": 0.06786
  }
}