{
  "dataset_revision": null,
  "mteb_dataset_name": "CQADupstackAndroidRetrieval",
  "mteb_version": "1.0.1",
  "test": {
    "evaluation_time": 2281.82,
    "map_at_1": 0.04766,
    "map_at_10": 0.06811,
    "map_at_100": 0.07251,
    "map_at_1000": 0.0733,
    "map_at_3": 0.0603,
    "map_at_5": 0.06362,
    "mrr_at_1": 0.05866,
    "mrr_at_10": 0.08773,
    "mrr_at_100": 0.09265,
    "mrr_at_1000": 0.09336,
    "mrr_at_3": 0.07797,
    "mrr_at_5": 0.08262,
    "ndcg_at_1": 0.05866,
    "ndcg_at_10": 0.08602,
    "ndcg_at_100": 0.10998,
    "ndcg_at_1000": 0.13444,
    "ndcg_at_3": 0.07146,
    "ndcg_at_5": 0.07593,
    "precision_at_1": 0.05866,
    "precision_at_10": 0.0186,
    "precision_at_100": 0.00386,
    "precision_at_1000": 0.00073,
    "precision_at_3": 0.0372,
    "precision_at_5": 0.0269,
    "recall_at_1": 0.04766,
    "recall_at_10": 0.12038,
    "recall_at_100": 0.22867,
    "recall_at_1000": 0.40955,
    "recall_at_3": 0.07669,
    "recall_at_5": 0.09071
  }
}